{
    "0": {
        "precision": 0.09234828496042216,
        "recall": 0.0779510022271715,
        "f1-score": 0.08454106280193237,
        "support": 449.0
    },
    "1": {
        "precision": 0.32336182336182334,
        "recall": 0.9891067538126361,
        "f1-score": 0.487385936661299,
        "support": 459.0
    },
    "2": {
        "precision": 0.9384615384615385,
        "recall": 0.12139303482587065,
        "f1-score": 0.21497797356828194,
        "support": 1005.0
    },
    "accuracy": 0.3193936225823314,
    "macro avg": {
        "precision": 0.45139054892792796,
        "recall": 0.39615026362189276,
        "f1-score": 0.2623016576771711,
        "support": 1913.0
    },
    "weighted avg": {
        "precision": 0.5922850512410626,
        "recall": 0.3193936225823314,
        "f1-score": 0.24972396527011353,
        "support": 1913.0
    }
}