{
    "0": {
        "precision": 0.0,
        "recall": 0.0,
        "f1-score": 0.0,
        "support": 449.0
    },
    "1": {
        "precision": 0.23993727130162049,
        "recall": 1.0,
        "f1-score": 0.38701517706576727,
        "support": 459.0
    },
    "2": {
        "precision": 0.0,
        "recall": 0.0,
        "f1-score": 0.0,
        "support": 1005.0
    },
    "accuracy": 0.23993727130162049,
    "macro avg": {
        "precision": 0.0799790904338735,
        "recall": 0.3333333333333333,
        "f1-score": 0.1290050590219224,
        "support": 1913.0
    },
    "weighted avg": {
        "precision": 0.057569894159667435,
        "recall": 0.23993727130162049,
        "f1-score": 0.0928593655374737,
        "support": 1913.0
    }
}