{
    "0": {
        "precision": 0.41256544502617803,
        "recall": 0.8775055679287305,
        "f1-score": 0.5612535612535613,
        "support": 449.0
    },
    "1": {
        "precision": 0.018404907975460124,
        "recall": 0.013071895424836602,
        "f1-score": 0.015286624203821656,
        "support": 459.0
    },
    "2": {
        "precision": 0.9224683544303798,
        "recall": 0.5800995024875621,
        "f1-score": 0.7122785583384239,
        "support": 1005.0
    },
    "accuracy": 0.5138525875588081,
    "macro avg": {
        "precision": 0.45114623581067265,
        "recall": 0.49022565528037637,
        "f1-score": 0.4296062479319356,
        "support": 1913.0
    },
    "weighted avg": {
        "precision": 0.585870587443817,
        "recall": 0.5138525875588081,
        "f1-score": 0.5095971566348767,
        "support": 1913.0
    }
}