{
    "0": {
        "precision": 0.3103448275862069,
        "recall": 0.24053452115812918,
        "f1-score": 0.2710163111668758,
        "support": 449.0
    },
    "1": {
        "precision": 0.5612052730696798,
        "recall": 0.6492374727668845,
        "f1-score": 0.602020202020202,
        "support": 459.0
    },
    "2": {
        "precision": 0.7446808510638298,
        "recall": 0.7661691542288557,
        "f1-score": 0.7552721922511035,
        "support": 1005.0
    },
    "accuracy": 0.6147412441191845,
    "macro avg": {
        "precision": 0.5387436505732389,
        "recall": 0.5519803827179565,
        "f1-score": 0.5427695684793937,
        "support": 1913.0
    },
    "weighted avg": {
        "precision": 0.5987152656792153,
        "recall": 0.6147412441191845,
        "f1-score": 0.6048416882663665,
        "support": 1913.0
    }
}