{
    "0": {
        "precision": 0.7916666666666666,
        "recall": 0.7616926503340757,
        "f1-score": 0.7763904653802497,
        "support": 449.0
    },
    "1": {
        "precision": 0.8050847457627118,
        "recall": 0.8278867102396514,
        "f1-score": 0.8163265306122449,
        "support": 459.0
    },
    "2": {
        "precision": 0.9752229930624381,
        "recall": 0.9791044776119403,
        "f1-score": 0.9771598808341608,
        "support": 1005.0
    },
    "accuracy": 0.8917929952953476,
    "macro avg": {
        "precision": 0.8573248018306056,
        "recall": 0.8562279460618892,
        "f1-score": 0.8566256256088852,
        "support": 1913.0
    },
    "weighted avg": {
        "precision": 0.891318002961928,
        "recall": 0.8917929952953476,
        "f1-score": 0.8914474002849369,
        "support": 1913.0
    }
}