{
    "0": {
        "precision": 0.806378132118451,
        "recall": 0.7884187082405345,
        "f1-score": 0.7972972972972973,
        "support": 449.0
    },
    "1": {
        "precision": 0.7983539094650206,
        "recall": 0.8453159041394336,
        "f1-score": 0.8211640211640212,
        "support": 459.0
    },
    "2": {
        "precision": 0.9898785425101214,
        "recall": 0.9731343283582089,
        "f1-score": 0.9814350225790266,
        "support": 1005.0
    },
    "accuracy": 0.8991113434396236,
    "macro avg": {
        "precision": 0.8648701946978643,
        "recall": 0.8689563135793924,
        "f1-score": 0.8666321136801151,
        "support": 1913.0
    },
    "weighted avg": {
        "precision": 0.900855285409462,
        "recall": 0.8991113434396236,
        "f1-score": 0.899761092468737,
        "support": 1913.0
    }
}