{
    "0": {
        "precision": 0.8375870069605569,
        "recall": 0.8040089086859689,
        "f1-score": 0.8204545454545454,
        "support": 449.0
    },
    "1": {
        "precision": 0.8301886792452831,
        "recall": 0.8627450980392157,
        "f1-score": 0.8461538461538461,
        "support": 459.0
    },
    "2": {
        "precision": 0.9840796019900497,
        "recall": 0.9840796019900497,
        "f1-score": 0.9840796019900497,
        "support": 1005.0
    },
    "accuracy": 0.9127025614218505,
    "macro avg": {
        "precision": 0.8839517627319632,
        "recall": 0.8836112029050781,
        "f1-score": 0.8835626645328137,
        "support": 1913.0
    },
    "weighted avg": {
        "precision": 0.9127721745420151,
        "recall": 0.9127025614218505,
        "f1-score": 0.9125816551456906,
        "support": 1913.0
    }
}