{
    "0": {
        "precision": 0.8162291169451074,
        "recall": 0.7616926503340757,
        "f1-score": 0.7880184331797235,
        "support": 449.0
    },
    "1": {
        "precision": 0.7987804878048781,
        "recall": 0.8562091503267973,
        "f1-score": 0.8264984227129337,
        "support": 459.0
    },
    "2": {
        "precision": 0.9830339321357285,
        "recall": 0.9800995024875622,
        "f1-score": 0.9815645241654211,
        "support": 1005.0
    },
    "accuracy": 0.8991113434396236,
    "macro avg": {
        "precision": 0.866014512295238,
        "recall": 0.8660004343828117,
        "f1-score": 0.8653604600193594,
        "support": 1913.0
    },
    "weighted avg": {
        "precision": 0.8996739253566123,
        "recall": 0.8991113434396236,
        "f1-score": 0.8989312071663255,
        "support": 1913.0
    }
}