{
    "0": {
        "precision": 0.8341013824884793,
        "recall": 0.8062360801781737,
        "f1-score": 0.8199320498301246,
        "support": 449.0
    },
    "1": {
        "precision": 0.8347639484978541,
        "recall": 0.8474945533769063,
        "f1-score": 0.841081081081081,
        "support": 459.0
    },
    "2": {
        "precision": 0.9802566633761106,
        "recall": 0.9880597014925373,
        "f1-score": 0.9841427155599604,
        "support": 1005.0
    },
    "accuracy": 0.9116570831155254,
    "macro avg": {
        "precision": 0.8830406647874813,
        "recall": 0.8805967783492057,
        "f1-score": 0.8817186154903887,
        "support": 1913.0
    },
    "weighted avg": {
        "precision": 0.9110434499690712,
        "recall": 0.9116570831155254,
        "f1-score": 0.9112750317447476,
        "support": 1913.0
    }
}