{
    "0": {
        "precision": 0.7777777777777778,
        "recall": 0.6703786191536748,
        "f1-score": 0.7200956937799043,
        "support": 449.0
    },
    "1": {
        "precision": 0.7342007434944238,
        "recall": 0.8605664488017429,
        "f1-score": 0.7923771313941825,
        "support": 459.0
    },
    "2": {
        "precision": 0.9827935222672065,
        "recall": 0.9661691542288557,
        "f1-score": 0.9744104365278474,
        "support": 1005.0
    },
    "accuracy": 0.8714061683220073,
    "macro avg": {
        "precision": 0.8315906811798026,
        "recall": 0.8323714073947578,
        "f1-score": 0.8289610872339782,
        "support": 1913.0
    },
    "weighted avg": {
        "precision": 0.8750276285231078,
        "recall": 0.8714061683220073,
        "f1-score": 0.8710436793139538,
        "support": 1913.0
    }
}