{
    "0": {
        "precision": 0.8310502283105022,
        "recall": 0.8106904231625836,
        "f1-score": 0.8207440811724915,
        "support": 449.0
    },
    "1": {
        "precision": 0.8372591006423983,
        "recall": 0.8518518518518519,
        "f1-score": 0.8444924406047516,
        "support": 459.0
    },
    "2": {
        "precision": 0.9841269841269841,
        "recall": 0.9870646766169154,
        "f1-score": 0.9855936413313463,
        "support": 1005.0
    },
    "accuracy": 0.913225300575013,
    "macro avg": {
        "precision": 0.8841454376932948,
        "recall": 0.8832023172104503,
        "f1-score": 0.8836100543695298,
        "support": 1913.0
    },
    "weighted avg": {
        "precision": 0.9129592779685809,
        "recall": 0.913225300575013,
        "f1-score": 0.9130463838066036,
        "support": 1913.0
    }
}